material_demand,waste_supply,market_saturation,seasonal_factor,exchange_rate
1.4769344261182744,-1.5166425494207911,0.29562448874709507,-1.167779551267935,195.76442949727317
1.6999573745763805,0.3113086734428849,0.19729226563120644,1.0715431522348857,221.07240287518707
0.5353350870162231,1.2571492168625729,-0.4500128579958137,0.35845361820962024,105.99481272143714
0.9356783931474612,1.7522704434236227,-1.1105758454658288,1.2715550949941588,121.6046723879191
0.007063158628176452,0.04977368718096008,0.5006657213812097,-0.6603211394734471,102.67677408647596
0.4070363129267805,-0.9539394193966448,0.014273067836434106,0.6863184569567008,79.86360187378034
0.00511345664246089,0.26105527217988933,0.29612027706457605,-0.23458713337514692,71.43745264227564
0.820482181197364,1.1087035805829077,0.5906548306923093,0.5072740311072977,193.6377267078796
0.031058932870901952,-0.5846177306571996,-2.0870270186020687,-0.9096834169818336,158.54040066322452
1.8489560949453452,0.6962063648134184,-0.23093453020867796,1.1265650295477574,212.6016193165632
0.29748220087385013,0.9040175547613144,0.2243396567780826,1.3119837385739466,80.58812495456613
0.918316606002313,1.3920022863445993,0.17989415115347845,-1.570500603623177,135.10897051355914
0.09933230542922587,-0.977555244798551,0.5009171876243808,0.751387123371789,76.80696939233071
0.650201177958661,0.8724573282801447,-1.2803043986708944,-0.09917586377938291,55.84015333935706
0.5923939242388692,-0.48712538376469605,-0.6506425691218269,-0.863990769679816,109.37691160576847
0.6127739050625697,-1.0399059271255309,1.1081828167375165,-1.0534155631736561,157.359257571388
1.0385438208439723,-0.3748220566218061,-2.9069882193216414,-1.6312758154609455,296.22700556756024
0.4384757388097273,0.7181857257079345,0.7153813154412441,0.019616657693989903,154.8537622366286
1.2795186697601588,0.4243939378610126,-0.7955570679408823,-2.2168188393540644,151.6502591072471
1.1168337755299542,-0.23950192202174977,-0.09294420661358828,0.18641616974404632,157.85932370011813
1.2000789564268612,0.21128369227947272,-0.6067002947652967,-0.49190244750620515,150.2161329424615
0.028318376130461172,0.6815006973726244,-0.03955515385665504,0.02975613949574519,58.13423483151331
1.2070216478572156,0.33802348110170816,1.2769653860881878,-1.0753123930492379,99.64989271532588
0.9080240755212109,0.3142473325952739,-1.0128311203344238,-1.4123037013352915,199.95056318845653
0.3088330125989638,0.02127157673606165,1.2382830714336357,1.702214944635238,120.88336999507241
1.0062928092144405,-0.38455554422982535,-0.8604133652839524,-0.5768918695231487,104.17412507621789
1.4185313451480366,-0.2880388739220764,-0.6277339060845056,-2.4878086565350794,147.47349587135403
2.4457519796168263,-1.1254890472983765,0.2799686263198203,0.1292211819752275,294.05332475089085
0.17183933979353122,0.8902475008365087,-1.091933900395313,0.5532512199847837,103.34397682095076
0.8794170411374032,1.451001438131336,0.33085130461557777,-1.0773760769847582,173.95812102119078
1.9725421767898081,-0.07566560432583026,-0.07397286359437803,-1.385987942398998,224.857979327932
0.7393714074590363,-1.4769249275319014,-1.0973683189710666,1.1918993344135729,177.27794578258587
0.18714426500454878,0.4283070972076486,-1.0623935281468797,0.985729995679863,123.55982709981633
2.1523835446091804,0.03003147916408217,-0.8617030702562581,0.8764556455029355,280.71674602663836
0.0184183791895517,-0.35151348404130867,-1.8707919210258557,1.6764373122752827,189.09437315835424
0.6353623888256293,0.6197114459661363,-1.876552706041874,-1.1896666590903613,219.0094899009177
0.6255627015095294,1.3800913541474515,1.4765403497258958,0.39580353343740904,70.625081637657
1.0065425652796411,1.3175975356079597,0.1684609762696143,1.1398785611290454,108.431706513344
0.20902325728602528,-1.2242982362893657,-0.13845598398377382,-0.8505204542093001,80.27395204927068
0.03800347816820029,0.4363236696740321,1.7275431701007113,0.1200313267182613,180.22801509239594
2.929448690002268,-0.56060763684731,-0.12765468151819012,2.052972024501663,320.71521990459064
2.1439440893253257,-0.6516003476058171,0.045571839903813784,0.6339190223180112,260.14164292213155
0.15005558703252672,1.3757068133116195,-0.29756350335999193,0.12557645347154225,89.67940735724974
2.703232292999237,1.0010460925671412,0.1895816165987434,0.6778753195309076,307.6523075606585
0.6749340187905523,2.046862195719558,-0.22247489677826537,-0.4030759890650308,114.46478966713336
0.07160125941406395,-0.19634984908497827,-0.2590421458207031,-0.03722223650984159,56.00538839817717
0.09612077694098337,-0.5160447282173739,0.9382838059759977,-0.4622752887050425,88.8332862816113
1.2804555710024668,1.9114190871397234,-1.0708524186844388,0.18947982122108065,217.23596386371122
0.7094518171390395,0.1904996797790664,0.33198033056901455,-0.43548637056984335,96.2469386378728
0.5436001545944323,1.1727290192593647,-0.025554070991445278,-0.37061433208610595,91.50725063935192
0.34767648353833636,-0.08152267310164589,-0.5041798310076715,-0.4872285641135523,81.96688697267383
0.07443342910004629,-0.24751863555150475,-0.7271371758248686,0.620672097550678,110.49543919013018
0.7589285897867651,0.8534155587803077,0.594754341665286,0.2811914239693758,192.9336317177647
0.22647889190152676,-0.82688035403986,-0.877982586756561,0.3673655068161781,132.49992132466332
0.5358014630522978,1.5337277099164992,-0.6292633936927887,-1.7073579575929467,121.69462650738018
1.2374381346841392,-0.0635245746153551,-0.8000385643976464,-0.45730165508679,128.31829642551997
0.3109075655980046,-0.21344715171184725,-0.718444221252436,1.475356216949552,58.772257460567076
0.646227309843803,0.42719436187168486,0.9694572005267368,1.775310892609512,55.798033327747376
0.9933586995819507,0.21209335307417523,-0.1643352058853912,-1.0158788269899783,127.09192645904176
0.38897872935218375,-1.2094769354188053,-0.30085974714082625,0.2514736089405121,67.20090006464808
1.230874513154735,-0.4853058353678683,-0.742484232538384,1.6850142787085094,104.11309064473895
1.0683793336940164,-0.39622967810175985,1.2395840064415615,0.604120889588518,191.29923933132613
0.22391413406466143,0.5524899544171478,-0.019637798926681216,1.3641404299738442,57.68415611226665
1.5769964821909972,0.13906039865341766,0.861636124497944,-0.8028244439508423,148.04307740033278
1.3386057997232488,1.4532606633210343,-0.23086637384476896,0.6929186230316111,190.41402644954016
0.24123605785632987,0.24333944932269183,-0.045586016355497805,0.3520553965142968,72.94548171703987
1.0708924980611123,-0.8571575564162826,0.6256673477650062,0.4824724152431853,130.42205942554494
0.835142901630023,0.15175799224874037,-0.31984752325484395,2.0895387216947734,127.97317671785706
0.12951724686344077,0.5835443030118876,1.0417246640588513,0.5798572852951321,86.13150757244023
2.0674421000398766,-0.03269474809409311,0.3840654489393073,-0.08912003951278841,244.4652069240116
1.643378155804534,-0.3202978045366419,-2.077811819856197,0.36064789143579495,118.83102553521317
0.22346598237185214,1.8381836767951225,0.36728731340134063,-0.3493167961181975,63.69281104033854
1.4027943109360992,-0.9093874547947389,0.7910319470430469,-1.4018510627922809,202.44331014627232
0.6922503292658964,-0.4482246163001494,1.2528426344274837,-1.9689231424160831,59.009436874141315
0.543479378670093,-0.8463159774657358,1.2637066776546686,0.1998104337187135,164.7510537168468
0.20838280794755248,0.02688583899453078,-0.22096417382966393,-2.0417348684242906,55.022655985824244
0.48473281729447476,0.8527736751222195,0.0678555105274033,-0.8463566549908735,133.02136523335122
1.0589075870566005,-0.5057467042619367,1.9541574337502863,1.4816634024625988,75.55802372223249
1.371673697230466,1.197246923645228,0.42548993324023027,-0.7094410024275466,125.31457167876954
0.5806483025539511,0.570507208354516,2.184096733380456,-0.6113852473886282,145.1996351456013
1.8751724696457446,1.3404504460231446,0.31917451041918043,0.11502607914741717,195.01729726109008
1.3286408282482312,0.10940847183297006,-1.2374266382225725,0.31318447386498,117.39553754336177
0.5935567222808619,1.1337700968670645,-0.194908280352681,-2.9403886346642802,114.23609261161603
0.0332299906444608,0.10855970577652314,-1.1437262073206618,-0.2081168572725397,88.1934251301063
1.548960525053475,-0.9040682897360003,0.19613145902390733,0.2579759812211809,193.88297549529895
0.8682927318763665,0.38961417737090387,1.8709651753717822,0.5346290861224353,94.6060021248309
0.23040071420576733,-0.7584953347000695,0.03279699541158651,-0.9242331442683044,57.30506137004162
0.6855077387902041,0.7579218499236196,-0.7309562757154733,1.8486088332964115,88.12522393032026
2.6042138566271342,-0.42076179368105326,0.8868873900973003,0.19894814679649453,269.5227147695173
0.6663125009092119,-1.148794035158656,0.6793732829565033,0.4625912928539512,124.6779617212922
1.015821818978397,1.1486373494287152,0.20056919723094285,0.06167984984797165,141.94170975581713
0.007880184694728152,-0.24066517453021302,0.25719897035592737,-0.3256110521485036,66.66739843589718
0.08228398927542419,0.889630795623437,0.26705026586925884,1.0654803750653512,95.4908651133785
0.39305275706140097,-1.9080021371233076,-0.7999405067019342,1.00163182520856,126.69393296542617
0.14088624691120394,-1.1196174332890112,-0.4888494217862741,-1.7684393655628516,54.304621848910145
0.6347214685617699,0.4891871301476635,0.3506300992735592,1.1096998419562232,101.3347049563765
0.39719531614598763,1.2906444609225471,2.01527511046064,-1.1022697404558555,123.0394110822709
1.1227220215622986,0.6748194921666038,-0.04946370965243295,0.3824097461840506,133.9773742912694
1.6324113039316352,-1.2477831819648495,-0.2525681513931603,-1.4301413779606327,182.57471188451782
1.141689114133505,1.4775300810552618,0.08840688629184736,-0.19365945927971812,125.17984130873515
0.42961821913258585,-1.6609609335159914,-0.07016571145864703,0.20768768716311115,50.72730898833976
1.246085192497629,1.0915068519224618,-2.650969808393012,-2.0733902324081495,50.69820019774055
0.82206015999449,0.4127809269364983,0.9633761292443218,1.8967929826539474,155.59016105117195
0.28869362927985703,-0.2500465145989528,1.3924653000643288,0.2603218387712207,147.46564554161554
0.9701242603796436,-1.422974925261673,1.036087651046256,-0.3975577654917214,75.66278108397837
0.024510174258942714,-0.7730097838554665,0.09767609854883172,0.49799829124544975,61.69226679931066
0.535963445114048,1.0859821161750323,-0.9354387020445953,0.8080577982811451,144.59961730541676
0.6248185776956788,-1.2795769667357015,-1.8408742313316453,0.026091050210833786,207.3242951752703
0.643518230380143,2.165002344901084,0.45588777208160763,0.9278401280812372,88.0776986528807
1.083051243175277,0.5607845263682344,0.3577873603482833,1.053802052034903,179.94828389018153
0.24338397937501807,-0.2739930818293042,1.5628887685081978,-0.29983819627488056,137.2568687825332
0.8895144296255233,-0.7537361643574896,-0.2453881160028705,-0.8158102849654383,150.98953943423726
0.3649527295428853,1.0725073373098022,0.538296079049633,-0.8392096673390064,86.38950677184893
0.8135172173696698,-0.3220615162056756,-0.7832532923362371,-1.2308643164339552,69.10004301556653
1.7033824393551547,-1.3801014582148914,1.6286155455712918,-0.05554769889661878,170.33036263346474
0.5574917850078336,2.2105230015913513,0.9638791167949097,-1.3698029795790778,58.03517945142572
0.1764415552772252,0.6931056072631441,0.42881650033057295,-0.3670278390833223,109.40888408728874
0.38817681854122876,-0.30246968648812833,-0.6134026635409398,0.1704162223754877,143.1576679851037
0.5376299029498797,0.9134737320174066,-0.41222074502447015,0.4281862478105761,79.87635485621604
0.5211224283793383,0.28555407485765694,-0.05489400061628639,0.645215585950057,117.823602006249
0.3216785413765001,0.5212799050138145,-0.7146806769904318,0.16805980596682024,53.86712180497019
1.0676204293825944,0.6228499323474987,-0.45006547147924364,-0.1423794850212935,182.82915080044924
1.8400777445057528,2.5115565515844236,0.3467099776049199,-0.032280611049470324,175.68330969971507
1.1057046684859357,-0.4108142879545848,-1.0909664302151982,-0.21492103028873533,223.1752669290257
0.12373268009975662,0.37006111526895535,-0.33912227927003874,0.45780560992578473,80.8103778818227
1.185704154662997,0.5366527525272862,-1.0469109826819396,0.7189533106650667,121.04478479072677
0.5655096456315442,2.601683114180395,0.24075317948856828,-1.7607627591558177,137.2756409701364
0.6067230591361827,3.109918556005361,1.9956674897839644,-0.18319661872038787,246.86515219614577
1.2065089665083568,0.14671368643332283,-0.16711808031685435,-0.8169356709872361,152.54946317317484
0.9896048202585809,-0.5112156764311852,1.593186626639397,-0.12578692009964815,92.35415541456842
0.0754336389015928,0.7421274910718922,1.639964529371393,-1.6019658118971685,132.44562413677198
1.301741289398798,0.2992925804064919,0.742095372009307,1.5615111967268527,252.31787797889461
0.5681032051286461,1.4473056993918065,0.5062409893059261,-1.0496554989099411,179.31844626855366
0.5466800845872654,0.17682087213939798,-0.7217375533372533,-0.2716551103260533,151.3232951019014
0.898414671348358,-0.5769036556624031,0.9504238381860503,0.4919191715065057,80.79201535403192
0.6476885381006925,-0.13826430117118466,0.4967141530112327,1.5230298564080254,183.71124376049505
0.30920907704986345,-1.4575514994649306,0.08243975293450329,-0.7521564055905832,57.37130770086913
1.0962750868952018,0.015579047581467534,-0.1730718242838696,-1.4400508825942944,148.58126651725195
1.642015160136369,-1.3230897934074983,-0.6389617476895022,1.0098170893426341,159.74470788562948
0.8184286659420014,1.5634133588321082,-0.35141423571373254,1.532367724678116,110.6768310905177
0.0953441994413082,-1.5648027713620551,0.3496500472996937,-0.2634482160822491,77.49864371491194
0.9232332461109043,-1.4066610968482223,-0.6115178029919482,-1.3516846056163336,170.23255232529328
0.8874921778021001,0.41953244390702776,-0.12094814860778157,-0.43745830032341043,150.9250737960047
1.3995946451457935,0.5740712208940013,1.5898389781806839,-1.342127748485115,250.48003532634942
1.0729780477660118,-0.20931381957936157,0.6833289928110694,2.3638724946193608,177.46863074354127
1.236950710878082,0.7818228717773104,0.25988279424842353,-1.3204566130842763,133.5343235122797
0.6327818661062848,-0.4152879139008013,0.3384964074944141,2.270692857804396,123.716157324188
0.7931756882186773,0.14506374595938162,-2.018487864388638,-0.12205713212127726,89.67312777455099
0.11453984525261789,1.3538723741654128,-1.7131345290908775,1.2378163119734618,116.44211300056863
0.5697672802322039,0.4567532191537839,0.34272534637770413,0.44770856001731496,137.75958499102083
0.9938626748348534,0.8107986455917099,0.6549755842216898,0.4201915428949916,133.138660253095
0.37058276240078286,-0.15936223214590656,-0.45784838618248924,-1.3480471119401671,110.6264281643758
0.3301200939664503,1.503419828428999,-1.5614932224418594,-0.2116669819311769,119.35575887093549
0.7326400772155792,0.05194588580729943,0.7276295436369798,-0.08071658010858232,187.56747797468634
0.9519184600222356,-0.21220896990115168,0.07203686128374476,0.07748051851886253,117.20373811900276
0.8696059201056602,-0.9221653241776254,0.7569886166453519,1.355637858804951,167.86738092826008
0.42934082280173436,0.7105491022977853,1.3934545275244314,0.3796396483859655,169.8421433759903
1.0425776946705763,-0.32669621318636405,-0.15032046027187207,-1.17223375343664,161.45338023088829
1.732514999485092,0.14294309476370676,-1.1939250063990554,2.2313001461926323,194.2371597992793
0.5240883979345925,-0.409282438113104,-0.6947131310890582,0.152354872033722,111.222937082066
1.0302834540318422,0.43004164719106963,0.38193545223155334,0.23878915902651351,150.17981541517833
1.5475052013300616,-1.515744114997232,0.2029230208512997,1.7958776730955217,190.6781249908595
0.33848384346169114,-0.35316629281068834,0.19438430157733602,-0.29540141013902943,91.50416220557626
1.1941094030473725,-0.6775646523356551,-1.7258067287905967,-0.9811655311396816,77.19276638483542
0.370508098590029,-0.7847619081277034,-1.0896330373423884,-1.405567019178642,137.56791209762122
1.008554684076208,-0.5388418561927383,0.26044226333355597,-1.962625691672579,165.20849739107757
0.34980002456790754,2.6930336639804966,0.18383451632250436,-1.0040545968420103,125.73392261517486
0.12754912037753421,0.9216501119244593,-0.1891203907770335,1.5111549302473475,73.83722355806128
1.9187712152990415,-0.07444591576616721,0.25755039072276437,-0.026513875449216878,204.41535534411233
1.4785862457798415,0.7708651938869668,0.23561455810856594,1.143754043206929,191.09185096488406
2.4242402602729416,-0.7472116791478234,-0.021367294348436157,0.8840453963610497,271.5313378063521
0.2671266510114834,-1.5841359430054898,-1.803139676255945,0.5087250232299338,131.86678655999646
1.801057734152739,0.5008444749444569,0.6380511014407572,-0.5426737997340217,214.65232779852028
1.6654744444625766,0.9826909839455139,0.25602973431387566,1.0143700650181304,246.3149744888799
0.020793707675407894,2.0574954697116987,0.6191542610051978,-0.7280029412291344,120.44211957304631
0.524662407066803,-1.433151814524712,-0.14994071907910936,0.4936548476431509,99.35772524327894
0.0070449854805546995,-0.7893385057196743,-0.4519493719118777,-0.21560957856802238,80.74171372589345
0.4968735905075971,0.5827375831738644,-0.6220348055543814,1.0697714549838502,55.974635349679836
0.5482687949250771,-0.5391227031489786,-0.6078752606758179,0.8333339117803071,133.4308210992824
0.24496657110872277,0.2436872114919123,-0.8222203955664315,-0.5069431753711298,81.16061514540652
0.18144906924751675,2.3079162506161106,3.2430929695947333,-0.10633700253131496,227.00320069459994
0.09806753953894455,0.6686548047579066,-0.1755639454992155,1.2958717818630143,67.86047118397445
0.8953554307625996,-0.8043157596599924,0.6295295842218108,-0.6315777291653314,130.81378442820576
0.8760467925297942,0.9553005582377528,-0.8892408282283243,1.472670675750982,87.73297910004233
0.324083969394795,-1.763040155362734,0.3436182895684614,-0.38508228041631654,106.6760172033755
0.36550593698526584,-1.1071568168024517,1.2960630617813962,-0.15129922023252232,71.82452695922498
0.20726732939894396,-1.0039573720814985,-0.9218598131253132,0.06934433703625043,53.50243391150543
0.32135721545027307,0.3287624103034804,-0.06413834659299254,0.42192075423528475,72.09919408394191
0.8343230454915821,-0.9478927172689863,1.897767016745977,0.7640297815728595,65.21477410021977
2.1961278210999464,0.5362909095171899,-0.06407776414871663,-0.16212397547985843,269.93638253162794
1.090861670603698,0.8282296901846228,1.6087808557343735,-0.4629395120252583,254.58034543532892
1.2111719292807812,0.8925973382993092,-1.9701038177118355,0.7307641190665245,255.59355755022187
1.328194141849058,-0.25083301645504735,-0.32267983884213575,0.5562300094006599,158.86941496266968
0.42154608353656126,0.7441857103150346,-0.23596998721097162,0.2668183962954019,69.6658984886746
0.06428001909546277,1.088950596967366,-0.47193186578943347,-1.0777447779293061,50.75993476097257
2.438817158276429,-0.5827586576115821,0.26536234939962844,-0.13427916218630415,259.8195837762976
0.9788895585567792,-0.7097889922335351,-0.6143231440962944,-1.3717431292635056,90.99252967718007
0.8468509661253646,-0.9878733409007492,0.2837510236615011,1.2496189052966666,154.8048295867054
0.30777823495300083,2.16325472330546,0.6454841811410754,0.21915032766393897,68.3524889040269
0.7019916878067554,0.04059169120388238,0.04886007032570433,-0.6629009175509482,114.89535948509396
0.15041890514357642,0.49568188797260465,0.8700677306887542,0.3649610024662254,94.57511010245554
3.152056734512085,1.6406145634882874,1.362562852712452,-1.123494033239598,456.03953917464736
2.4851899166788916,-0.8505352787470439,0.6030946849488336,0.2647753109779796,320.98065887548836
0.9751197334177512,-0.6771617115121117,0.07580455819372633,-0.14705738150213865,144.02713228095774
1.1036698285303692,0.5221425459339358,0.9784221120280351,-0.33078922432755736,97.88293886258793
0.33417641724489744,-1.2417605754816243,0.2577525401427507,-0.15525904882474875,72.59426274945055
1.4033699701251907,-0.8610879101735704,0.4097627959594974,0.6979032725390276,185.16489987289054
0.09363618873917084,-0.4711246518178786,1.0826910538870733,1.32579664754219,105.00663562809167
2.1709427174978138,-0.8432465953161917,-0.24606248812994858,-0.1758858124323366,261.8383379375634
1.7938924978678903,-1.6873443471107104,-1.153332403205745,-1.3554475031122892,288.8784892388952
0.18047991359062565,-0.07783719701280203,0.883109777147159,3.193107567844861,79.21870814419708
0.24415663529064868,0.45353430151397983,1.613711269058647,0.9640871682883573,101.5744378722437
0.9194242342338032,0.4735924306351816,-1.0623037137261049,1.5499344050175394,189.15108167579683
0.6141667000434252,-0.22096959953322298,-0.11232804969082982,0.7575077100473051,99.48505460045541
0.08382662792936094,0.7890566873755189,0.7045065398247231,1.4104591452035038,141.20280399740844
0.06008599461516361,0.7608466543114778,0.8875039674140593,0.3883120054234496,86.34812797609659
1.1063349740060282,-0.18565897666381712,-0.47917423784528995,-1.1962066240806708,214.02821738173623
0.5861658003927833,1.3032780373160637,0.18106274277108234,-0.4124138182164804,115.0323063584917
1.0126374096440718,-2.132595626154836,0.2810092502818063,-0.1581538443723203,156.9479970542617
0.28744751940035557,1.7246966497611085,-2.0841129394985884,0.2873289044030093,161.61280643429075
0.5333592447054494,-0.15171443357722914,1.2753907379990148,0.8394685045184047,164.38845967163894
0.03468488738678118,-0.7677975651041284,-1.0041407667520679,0.23421473253652075,115.41756797454225
0.19469729611668168,0.7450053128772811,-0.7188323876087304,-0.06418817710849775,93.56859740946811
1.6826586941226858,1.8071966436378852,1.4509275482792119,-1.0240285908863795,153.39385681243613
0.1115088271429437,-1.1410085097527383,0.6954024745502987,-0.8049664808525608,66.15812882324948
0.822544912103189,-1.0577109289559004,-0.013497224737933921,-1.2208436499710222,151.80929482468656
1.4480843414973241,0.2320499373576363,-0.4710383056183228,-1.4074637743765552,215.8075296298977
0.6068651778571754,-2.120700152635066,-2.238231233324972,0.45768658605355206,237.44743501221697
1.2208212988130478,-0.5336003064391669,0.5002404694365699,-0.8767737812118448,172.44719887341975
0.33126343140356396,-0.3092123758512146,-0.8392175232226385,0.9755451271223592,71.54751041319115
2.1770650464428547,-0.18150316213566714,-0.9951484818533795,0.17847666388538974,268.6270251077869
0.14125714008746323,0.38298898474092846,-0.38502181171286365,-2.1305664798072006,56.46785242390296
0.3464265060068996,0.22423474453529177,1.855503314794263,-1.611567359102828,97.14226989473104
0.8696630812746944,-0.9020515543575104,0.3764095260975166,1.1254347844147694,121.25481867879637
0.9905363251306883,2.1904556258099785,0.5868570938002703,-0.5662977296027719,56.185396729959656
0.5245202662797737,-1.1290517712172292,0.7216720640432351,0.48937456122791806,95.09066972027347
0.4080528468367557,-0.43112556957509907,0.7828737349485725,0.5507975722736632,150.61192905709123
2.5600845382687947,0.12200981464536144,-0.5756378262377739,-0.09605989972464987,239.14359048709898
1.502357052096028,0.7175422557959623,-0.26940683444455776,0.07409478041977519,175.63491077982877
0.5462842480036996,-0.014452270878279104,-0.47383934707091613,0.0064222698109378164,97.29747923662197
1.1947628618769377,-0.2841550979287972,-0.9858038086678267,0.8946471875738723,123.56510347803354
1.4926885689595217,-0.8031789506803448,0.9135846262332494,-0.2711236010425688,231.17636841843446
0.3361449630262288,1.0071333364731596,-0.9733788380270346,-0.22747625995340778,69.15045571959257
2.9490944253087252,-0.8254105299789551,-1.085150526557798,1.2446795807367868,289.10941693784446
1.66125921454787,1.772251596669744,-0.027514905050636255,-0.45709625658627184,251.7733225338319
0.2685306479058323,0.8968393158655319,1.6122206282554243,-0.8911922254152874,93.64612432538233
0.06752820468792384,-0.22577630048653566,1.465648768921554,-1.4247481862134568,123.19054007586674
0.5765104007267194,0.7591551603026468,0.541462728204788,-2.59104229214491,85.37737718800045
0.695694877197064,-1.2935076252040958,0.07125374991089249,-0.9181269834165748,130.32773981940107
0.3596296724524624,-1.7858664919341112,0.5731278132412001,0.3011073391917421,58.69943952227128
0.43676423723821745,0.8260471714415063,-0.1314725956716678,-1.6065771007386793,83.4901483705283
0.8187776437548606,-1.1482632887526183,0.8113965544915921,1.5379319184125528,141.65616881290185
0.8004095252276823,0.43192254467394064,-0.6414815952229522,0.7542913298135743,85.55697723507434
0.018819049740598424,-0.37630072492499606,1.088769654216672,-1.1716543473175618,153.30984806289618
0.36659824609684827,0.6696725488300385,-1.3044695005048532,-0.9398797863273552,56.465128952791325
0.6870657958589163,0.3131321400131553,1.3764964500195378,1.466540859278603,190.2715926644244
0.4646172972983931,1.1876793884615637,-1.1790397911598025,0.2011596558728393,131.63852284863555
0.17585440443207118,-1.6431888111541673,-0.10325476014904739,1.6614701657280182,69.11298906372157
0.5522230442809712,0.4714155563864041,-0.8323555731042287,0.6329318177555108,163.56667236876538
1.4974316831796264,-1.0513099116393445,-1.8316822472060261,1.8577023435377324,88.46324832910373
1.1022921498364233,0.48387665118803974,-0.5312142946075985,0.681359510442948,136.57905702277537
0.34175597577715944,0.15039378647620763,-0.759132661553698,1.8761708392158862,68.05328631140401
1.2130976999791834,-0.3164084496948019,-1.092312764672579,0.14171691363990474,133.9661289627188
0.24380071377119883,0.7083564472993533,-1.0212328171307132,-0.5640786307367284,84.96350500011357
0.7303666317171367,0.6795977489346758,-0.7153037092599682,0.21645858958197486,133.10849828756398
0.7539645888666763,-0.06259312789952241,0.10420110395187607,-0.28067507686677406,133.17037891265417
0.57707212718054,-0.7968952554704768,-2.4716445001272893,-0.2030453860429927,115.44245807053356
1.2172826922204794,-1.60027110450371,-1.388542553831211,0.15946250680412918,205.27906217377205
2.271449745422796,1.4891131083282896,0.5055892418358746,-0.40439742318396127,309.2677109281839
1.7549330716472415,0.32159321133923857,-1.514470309180767,0.01840163078343813,150.9598726798975
0.5262478565174211,-0.4997301761516306,-2.7475048427252347,1.3883377782084478,206.93220040156604
0.8638829605897661,0.41960997202411815,-0.09445871444200275,1.279464931657751,135.6823993441488
1.3842728185105182,2.439752406339273,1.0225704320096403,0.5639091200523596,241.45325251295753
1.1218578562304709,-0.9823035803773146,-0.05390484900573916,2.3200407220172594,119.10968219745645
0.6047446645382127,-0.18452535765584954,-0.6243453897132241,-2.205566057099069,138.17592458083075
1.9782252493748103,0.35147990035220167,-1.372859451481064,0.04693490206036963,314.85812816670904
0.33130838318332273,0.9681846605328611,0.570612997219531,-0.6122367345077503,77.7410652802081
1.5307508323436974,0.5999287299962045,-1.2096947428411076,1.2187618516973167,145.65991969899937
0.9331280723410693,0.33260751032419755,-0.5717460419560614,-0.22272070077660705,133.15785869638418
1.8820244964750337,0.4714683571359957,-0.7904744554453119,1.3454200461549777,196.74693653205424
0.5193963718261266,-0.13699548944245826,0.6789312900592783,-0.3409078773460798,59.32082067239925
1.4196030045136372,1.321304032273012,-0.649373038321426,-0.6004235657387051,172.28420023065303
1.477894044741516,0.3571125715117464,-0.21967188783751193,-0.5182702182736474,161.40924768717863
0.01901620790268883,-0.1599385299634271,0.8576596232020194,-1.0025293646378088,84.78652550813067
1.4183657329330317,0.9325908318730899,0.22468472575188592,-1.7608088119807759,172.05699929627121
0.16048962397348007,-2.0864776583710847,0.007178466907941942,2.212531039397242,50.389167174592224
0.33385996656853467,-0.1344967844017327,-0.039307287627631186,1.4313667818311835,110.68947816685801
0.97536602727825,0.017613251933657315,0.2257615231117544,1.3035079319347591,139.2581169750435
0.838585798447231,-0.3078084711388841,0.4086073077017676,-0.8866809222834573,130.15750551249238
0.6218099622171964,0.9725544496267299,0.632407739055521,-1.5702247198904564,118.01587903427952
1.884586305934609,1.088748619704186,-0.372206776071053,1.543243528272189,221.22306745076088
0.3556689485632294,0.08669769941439658,0.347561613803552,0.19157739619408962,107.80448650483135
0.11676591579524663,-0.5495402745955349,0.9153902755601617,-0.6355578414044034,89.67593075689453
0.32674476460232005,1.4524675344707454,-0.4532484090230134,0.30047435961082836,50.37788474389217
1.3985675738191412,1.9094166404701305,0.9261775475316414,0.5629692366905709,104.77658867325263
0.26912694124510733,-0.3916485674217911,0.3080505395041023,-0.3431922754974105,50.579497249718756
0.7798529462216388,-0.7908993816675531,0.7821300015314592,1.0819848092499422,87.09983110066712
0.6124373746404379,0.2871241652018242,0.9531366339132451,0.36150352520610163,53.26752221193583
0.1847104747810833,-1.2549226680022925,1.0074439731951985,0.937915537510655,114.40429514205773
0.4749453111609562,-0.3345012358409484,-1.2002964070557762,-0.6533292325737119,172.61010737488274
1.2119439853864005,-1.3659557112005343,0.6835693232004776,0.26125053123385605,192.20255959304959
0.05658848889989584,0.3099989831655551,-0.1858457521927473,1.2189707897936632,78.22792195009815
0.7313802525749924,-1.2578681559088878,1.1927351654164144,0.5904220612514635,159.80157651164905
2.056207129940322,-1.9663565893760018,-1.0448091940210336,-1.1032083657216831,190.55853525974646
0.8419836954521269,-0.8966422273152082,-0.11066536855732945,-0.36920720044744615,111.1409044519246
1.2926253471522626,0.2078025073533134,0.8407344821295493,-0.5321685631271895,154.08174008061837
0.3801978510059632,-1.3353443587101013,0.17770100093325383,0.6105857452838231,87.17446982771528
0.03402741107223205,-0.41521376790527154,-1.3495762115515322,0.11137260184005242,143.2261768275618
1.3192471945987674,-0.6256772874962124,1.0964692338108837,-0.20298063739565708,123.11252273943424
0.08059974929676088,-1.7762463334664518,-0.09546424708907303,-0.8330560570007587,66.68476860502892
1.5033983017671506,-1.1583646891925428,-0.0036025390905684044,0.8773622905756714,170.98962821886346
0.47883745600840416,1.0971527117536957,-2.1533429198712444,-0.8627757640431206,195.57589510203013
0.6354180302092264,-2.0038623644067535,-0.26451484131061076,-1.2392583948534726,70.38211591107805
1.5255251709247388,-1.0700847663261526,1.8466369960476658,-0.6919080698812444,152.26630399931756
1.9093560875072928,0.7396531517246714,-0.13939720066323416,1.3183023248526693,207.0285308455207
0.5969742867210739,1.2302221756507876,0.3791531187261241,-2.390304367469438,124.05470152722746
0.5689830791852754,-0.5535882417079946,1.6777008140764407,1.628396623128538,163.65227319770852
1.0391117874202687,-1.1388331177807691,0.6222071440434019,-0.07576428653545988,187.38781773033682
0.11564828238824053,0.1713682811899705,0.7384665799954104,-0.3011036955892888,78.39838538053158
0.002403840918853844,0.4751677464953816,1.1038773433162576,-0.5892716517893062,139.3903156789097
0.3653215513121087,0.13653533108273744,2.013387247526623,0.1846803058649084,147.6609872834237
0.17495975669540864,0.9920423495365228,-0.6680904536430488,-0.7557451594928447,127.02318980065101
0.5286166817497568,-0.651356893791829,0.3996879517526416,0.5863640187550933,66.50471372955428
0.3733485597113982,-0.7280770978553212,-0.3600392687569827,0.3123782104665717,79.75792358080676
0.2549772174208553,0.10643022769189683,-0.7128457826771644,1.5039929885826886,135.04460889307902
0.513907849658915,-0.6777449705248515,-1.0003313246055747,0.17958178193959795,51.886701990669984
0.5646059258936003,-0.3340772309799405,1.1243533598705027,-1.0196643386921156,177.31609762495953
1.2644984069549656,0.0976703767483354,-0.856498237409199,-1.7931064525345768,197.93482698819713
1.0857863249393471,0.4676931717654332,0.25373966149457344,0.09798315347089544,161.73493322061654
0.7239903317426091,0.5913492417584003,-1.3957892021924851,-0.19539035117702397,173.4644158749117
0.04692057887918407,0.3465038817307158,-0.46770120131189136,0.47704082722312147,116.76160687826527
1.8362053731032966,-1.331232953557778,-0.7859894605079495,0.5079913269125437,246.91728166323725
1.5350402475323597,-0.6176416769336966,2.2816518365388427,-1.8800100339077637,62.23626677779072
0.14488783309689118,1.0450884740847535,0.24930859564172886,0.02390304328495547,103.05794134378617
0.7632861041785816,0.8872908372667421,0.8691560643892732,0.03793783544760203,58.854385406183724
1.8179792253871547,0.1435879365051602,-1.9511018640386248,0.7597122954841684,296.02348570728475
0.10015407647995278,1.2269332238843076,0.7660802783846903,-0.20367375017696587,70.45964199920655
2.2988981236192503,1.40934744018558,-0.5172884501003722,-0.36283856043965906,263.43598439258113
0.9885911071509175,-0.09833962679474989,-1.6929568141953855,-1.103589317215771,240.7933051506613
0.5698329282387588,-0.4242363333980435,-0.04551224530124217,0.32950873557300914,113.61475918227401
0.049029340838036735,-0.81240234893742,0.678946987762233,-0.16036008104483077,62.72962951581265
0.4776455826040052,-0.41361566562964275,-0.38769991640856116,-1.2551353719733949,117.8935806700182
1.3776175007542373,0.43295982536069616,2.4267164863455224,-0.5647740041709423,92.80758597385356
0.8476339286190848,-0.21804589539237385,1.80930634973311,-0.6520888885930607,57.416293650114426
0.3609661658190799,0.44426331148603976,0.7109599682034915,1.159329803364248,51.21779841937933
1.7785875840065168,1.192507512477975,0.6802161054504494,0.31965182591897723,188.76077128574548
0.5987943895619102,-0.006521315229458062,-0.20149153394751798,0.6683404887180808,93.44776975340943
0.6997255079925856,0.03526355197172861,1.9647251329163893,0.213979910734222,92.54725981874972
0.9958153947902291,-0.4081008391602206,-0.8953463223630241,0.651136241823657,140.98690913905682
1.205994516546816,-1.6304732437151401,-0.18689615816198485,0.7774073527645112,151.9313850686256
1.5231240772696573,-0.8612842013282637,0.0773683076476183,0.5389100436846587,181.80634762481412
0.738810480887503,-0.2595466775839172,0.5131057981760827,0.6153674840130534,148.52544369630544
0.21113023882769444,-0.7191533192424201,-2.151815401329305,-0.987179527151184,203.9683114961718
0.3206676255571917,0.8876554258738361,0.5345056484805503,1.7952113559123222,55.055080640255895
0.4473218956587512,1.0800480657146485,1.8732977762175456,1.281016361735113,129.07866345686278
0.39445214237829684,-0.4325581878196209,-0.48760622407249354,-0.42098448082026296,68.38975210667397
1.0022170189267248,0.7760279138434754,-1.317131919946585,-0.752435237353035,245.59622320487028
0.4258436586298291,-0.07722104522304557,-0.6073544332122114,0.4182057558879721,55.283950676028226
2.062524919243145,0.42359906559346105,-0.955122579349353,-1.0675329142542729,226.2770510977723
1.6074832345612275,1.307142754282428,0.22745993460412942,0.1846338585323042,207.22324648678662
1.6153756894694418,-0.9224101844985025,-0.3917581490438219,-0.3223204692113399,164.1571836497486
1.1533505105959594,-0.9455068799427312,1.676393027208203,1.1373145423647293,87.9149952395907
0.31635832153614474,-0.5505519317084877,0.46436986354657417,-0.8852486861242225,92.7735491093635
1.243863235391285,1.7495767431869393,-1.4026052717996935,-0.6929051977959073,222.0141522652261
0.2110174672026184,1.6964563682900382,-2.081929407883722,-0.09671311187039239,97.23835343659432
1.4990159604584012,-0.8449414385934964,1.0094717885959688,-0.09184476433495513,168.567352018368
0.6820520657126199,-0.7157599891107518,-0.06717829004935526,1.4872461553359273,107.13112458870305
0.5152943216244674,-1.2790307362197864,-0.27999330187447974,-0.8342818100346248,98.42415870627657
0.099094300241269,-2.1272274203514954,0.8467707752164937,-0.6028206557839616,52.85431732538716
1.1834936668899279,0.4512253193185082,0.9003985883950636,-1.1780408673763807,211.4759325516843
1.7249178325130328,-1.913280244657798,0.24196227156603412,-0.5622875292409727,254.25872217000224
1.2922626951056186,1.3814540786904865,1.7495839042054206,0.6897078052451944,102.43587828660802
0.07049877805909122,0.5296927543567308,0.056649924897107164,0.4865016438262019,88.9029539691722
1.6064463202575725,-0.9555404406004258,-0.12791759148076653,0.2034636358672231,243.75126027353105
1.5839028234857233,-2.4238793266289567,-0.4523063192490767,0.7604146561442974,214.03533338145783
1.1070806692869728,-0.9745293046706415,-0.13263374638257355,-0.12038116395359824,166.48253780256704
0.3899237065594453,-1.7518288067517191,-1.1543626682329844,0.15805348992013185,122.19869808924201
2.1218548990085946,-0.11806852699107874,1.3171150673398653,-0.6078219870944325,188.17639679947035
0.9037018607301281,-0.024195606390916165,0.40373009033660945,0.324359281721603,98.59089441653634
0.6928575842374367,0.8496119885162131,0.14304876987895235,0.5825713188088052,125.03997487350858
2.5302875227463297,-0.9193845915864234,2.0740826697499735,-0.2860042218801108,220.9750828795282
1.649480894323921,0.8555556590207121,-0.7068925679873489,1.0706105599791862,206.76249169916565
0.47363207681145447,-1.1308884353259157,2.0565435648295414,-0.9263811299815384,156.852885495541
0.29307247329868125,0.23225369716100355,-0.6800247215784908,-0.7143514180263678,66.03859894907912
0.7924199209999613,-0.14451867071551783,-0.6751782749743815,-0.3079615296390403,158.0239344148551
0.26256132900192497,0.8743891807127275,-0.47622087354465903,0.19358991136754436,80.58087086532585
0.41619440488525394,0.7505791675217656,-1.5171736966716791,-1.1300693390403578,179.33018842781314
0.053120653017545344,0.3891591956679287,0.3721054726068629,1.2235688824186275,62.75080728901587
0.8096035199216461,0.2801611588196068,-0.02640575695892703,0.4240610444640897,140.69648022870803
0.36139560550841393,-0.6451197546051243,0.36163602504763415,1.5380365664659692,86.13364677508955
2.6197451040897444,1.5646436558140062,-0.03582603910995154,0.8219025043752238,259.44359802971957
0.4173668136050844,-0.9186865114860944,0.5555126463422483,-0.2950899142379063,54.80648311814788
0.49968511030293383,0.23940450053537707,-0.580053241370043,0.4720022709192744,105.59849627057639
1.2946814757209058,-1.1196698946261439,-0.36244094140313216,1.1608267873785194,229.4626386514302
1.2457173764463845,0.9184544439424138,0.975816719344709,0.054934110999848726,116.11093199346472
0.5923559556520536,0.885231482988991,0.6255080168310357,0.12354769595558233,84.58364185435764
0.3540407109410238,0.591814133741378,0.6728612359668199,-0.573601772896901,62.20858973955007
0.07964139124571515,1.4122205554154292,0.02421945667275807,0.4523717962497339,59.73793420947747
0.8756182533847572,-0.1903386780836082,-1.0372461543264564,-1.382799730964336,153.39737827993247
1.484116028535965,0.47240627788037737,-0.9564363768180087,0.35561334878566,119.81226557067811
0.216624975404619,-0.9379255765363989,0.33855287628591424,-1.0257526836402773,109.27224994343501
0.30381859560487573,-1.3810446031537749,-0.7859860326349823,0.7215625051261435,56.937126710733594
0.8783230771797389,1.9412174364637491,0.6654168236917787,-0.3780078990182172,72.95672093768874
0.949398888831943,1.0536417966078395,-0.9758732529773327,2.632382064837391,215.49263528416944
0.4911537471421047,-1.5486182988637467,-0.1767741631157821,-0.28487549336967083,132.07395273298982
0.36361221221385587,0.1503017614618776,0.11422764866203965,-0.056945623721067457,74.21788304134782
1.0760071385985983,-0.796025856803489,-0.31905393566661816,0.02131164867194222,144.96416477035027
1.9764405845154855,0.5844129804724842,0.10589445311523424,-1.5642416117110514,244.43889733785716
0.9983854391882915,0.46877425607502377,-0.6022120603617805,0.30179189981946597,165.2482142791701
0.1087601484568576,1.5327389130025777,0.5193465142411723,0.40171172209894146,81.04353037808899
0.2573765374233451,-1.0227925651984056,0.6135179727304166,-1.6685840738775894,51.41503297838214
0.007972641316617372,0.8816397569494505,1.6871416350725648,1.4799441388900259,140.97553970528628
0.7050118557584089,0.4190190093660452,1.6725723868377034,-0.05576907765770601,56.82773288872069
0.028181157369128247,-0.8984679817910373,0.5365098435704035,-0.009118996644203544,74.49305338326663
2.012270445700765,1.090980425185967,0.38680852068920263,1.0237095461069814,257.9903052928884
0.18039168176240783,-0.3574454228104272,-0.19003903500149447,1.3728484746765302,108.33476918816187
0.7197579421481819,-0.19090379172729868,1.804348109786743,-1.2932729578711637,238.4561980752268
1.6685992588781953,2.8684030556667683,0.012499321907250335,1.0587285298838789,193.9930972493067
0.28586539072490497,-0.38770155993598415,-0.6127886904843862,0.334456789987025,94.99765491456623
1.0872459388628026,0.0341524174880246,-0.6757080791616118,-1.0858251288851855,193.29392405836643
0.09707754934804039,0.5132674331133561,-0.5297602037670388,0.9686449905328892,67.39683922754844
1.2179591523055584,0.22054142701386686,-1.10486279306252,-0.513196364513396,127.08788478417743
1.344450511034277,-0.2817846088605072,-0.42018681709585726,-0.9186519464841982,203.03369290268253
2.0755880090785332,-1.2284438312657626,-1.8311448783383502,-0.08606969279089306,343.36462677204884
0.99626681944714,-1.2829922241885696,0.07682189106025536,-0.4937565831613125,145.4450331099117
0.5583017539460305,-0.6172531865469232,0.8389405004696122,-1.100154232971695,69.10730301936553
0.48536354782910346,-0.23681860674000887,-0.7728252145375718,0.08187413938632256,146.7305694914819
0.275051697151644,-0.57581824064468,-0.5305011476105275,-2.301921164735585,113.80682938141338
0.8304444065565653,-0.8082657216409264,0.08531814256502405,0.5225141052657575,139.49038843242795
1.1581108735000678,-1.2141886127877322,-1.006017381499702,0.7916626939629359,93.35828272665017
1.6122782579886454,0.9528745472029388,-0.13744851462769186,1.3149144535840473,196.39267496925865
0.597400069849858,-1.2276078151369925,1.1894704889246406,0.7011727423108983,143.97194587759935
0.35701548596504734,0.8496020970210246,-0.5893647569442115,-0.6929095952606542,61.29314775516323
1.6009039784765156,1.4898634386020821,-0.22320225463480511,-0.828497024780246,221.51105925069987
1.8461878622380938,1.0352493347237526,0.8901984111247868,-0.92951086019241,207.057371530739
1.5537587660160643,-1.0718572330401555,0.6704806172412126,0.8178896580250287,181.36934890259442
0.12270893359572414,-0.9600462952794637,-1.6548874362282961,0.09337237427665124,145.38322535404188
1.5708761520684993,0.4477169258102776,-0.10730214400422888,-1.1267674689098053,204.06473708887435
1.1792971840638264,0.11567463429285867,1.551151975522523,0.06751848141010895,265.1468290374215
0.08520944963390106,-1.1476913898156673,0.32405702822156063,-2.9911359709007233,53.12053196768174
0.5888668267386961,-1.097302527632844,0.2167755637626291,-0.8372624310497003,111.59233624161439
0.7084067669104628,-0.060660813814620775,1.9011906857530074,-1.5137143926128271,55.41823626933663
0.9254246260595873,0.08568716140335904,-1.0138959522925377,0.2553837556743171,193.10820408507462
0.5059655534558652,-0.9645377949101913,-0.2798103423770061,-0.7282722024066131,124.1546746721285
0.1566937282465246,1.8972886947731116,1.6957228778108653,1.0235306441853447,186.4376704630797
0.9913923494563072,-0.8469613483183278,1.5945050632249722,-2.153390113603715,67.40821219927032
1.0487071264165635,-0.7557915001583629,-0.1942691319785193,1.6554071130882952,144.47858863355822
0.01926037973439464,0.7846042878980238,2.412615421612916,-0.2628908292082677,137.39708131023866
0.016422896072752075,0.2237879516388985,-0.5176112990361714,1.188393273448084,105.21352440764662
0.44130715169924584,0.7719201548366751,-0.17280173739646437,-0.7331561971099966,108.47051479085292
0.9077561801469204,0.9022771737866472,0.015618333949603047,1.5192839236417688,118.64001526124389
0.0917607765355023,-0.29900735046586746,0.08704706823817122,-1.9875689146008928,97.46968107861781
0.5298041779152828,-1.129706854657618,0.8356921120651418,1.4415686206579004,78.14108982655962
0.6820694900626313,-2.5322460852196853,0.4359753895000459,0.12617790366196718,124.15908099266467
1.3173940656343257,-0.535235211560568,1.0495527153193351,0.19759960469239965,209.43838954404225
1.3821589910375272,1.1692955904456728,1.066674689589154,0.6487098875896427,233.93171272275399
2.0997217891665154,-0.06613261462582246,-0.4367197360405955,-0.24702570074599667,218.71661472097094
0.40968659262949736,1.8296202017160872,0.8929538701087693,0.7123221595801621,52.87542781760227
0.46341769281246226,0.5425600435859647,-0.4694743859349521,-0.46572975357025687,115.20170197721069
0.6404797952008238,-0.46649537922819795,0.9965705105794472,-0.19050310599781134,159.20869660406763
0.12637957954641182,-1.3459796802467485,0.8712972974572442,1.9389289990582848,62.7952026794117
0.03143917037477642,-0.9266983088473107,-0.41299782214343406,-0.8484286341908146,82.84886742541843
0.78489831308224,0.014688194729197093,-0.1340171666729177,0.648280433843859,140.82781144802954
0.46926758980852623,0.3161559571827783,0.3350580290841175,-1.5355721232071058,129.22364416322716
1.186734620177331,-0.712220763649051,-0.8810683366612923,1.4363354057059785,116.01332565179464
0.22445181855997204,-1.4643748802098202,-1.2257656630023412,1.0470983026121545,118.1320566171288
0.9006207346478687,1.6426729532559634,-1.1894118928673278,0.638391925608383,178.6997256576323
0.30740669780910074,-0.27681329988892067,-0.221253623585772,0.8157372125392968,51.36462187753884
2.620793091029975,-0.05020461704174478,-0.29967664800678706,-1.1119670257741636,262.4109620271756
0.5353281859539227,0.8474216771504216,-2.172669546014036,-0.09053328230416077,188.26456942817757
0.241321934916781,-0.29660745906979835,-2.529560077694303,-1.151014083619507,143.08424833760043
0.18687164416135904,-0.8946073022195039,1.2557561255735208,-0.4397310582741749,81.89996380957983
0.6763923020592697,1.4401172154494728,-0.08973569428722672,1.8009404329108156,98.40104768291394
0.9824873935383096,0.9407711879882159,-0.9896281365703375,-0.2246331499970246,179.63440386850763
1.1590740649558977,-2.049941278577478,0.714609790636618,-0.336254738681072,185.17747139248374
0.12810441491078928,-1.4307751021180481,-0.04015795064434341,-0.6810516574748808,69.43099963756163
0.6176518954343502,0.1973157074055956,0.08865759096143744,-0.31607285602704976,79.72511062911887
0.3904648499288896,-0.13737178839939665,0.8508979621679722,-0.10322175293249623,157.4095167938384
1.1509935774223028,0.11092258970986608,-0.5443827245251827,0.37569801834567196,201.68717465581054
1.2899608997410539,0.07331796718840389,0.8231705839619146,-1.295078772063616,149.3133058962968
0.41790954576589057,-0.03901951937754412,0.7793490039053323,-2.025807873111377,52.8276367583526
0.2942241290134937,0.26348721533105957,-0.5029747705513431,-0.234407800316322,101.94606088258823
1.183258512665775,-1.7587394864231143,1.0584244868495878,-2.0392321777601006,132.48971509148475
1.669069525826331,-0.13006029355362003,-0.5561187467607805,-0.9425580057918763,175.9926216355529
1.0176614668435024,-0.9175028210142636,-1.1225448062444139,0.271495310825648,109.65137320035171
0.4581681147886987,-2.128734094414812,0.0785770297191498,-0.9797212247168068,74.44678052176855
0.5720574417141441,0.5142547560178349,-1.5311075025557221,-0.062191016999311004,69.55163545439885
1.3281860488984305,-1.9596701238797756,0.2088635950047554,0.19686123586912352,185.19106547621845
0.7833905092825955,0.4620608932518965,-0.46440426230938764,-0.2515388860444957,109.68795911178202
0.1053755061459599,-0.9683444548636353,0.5500520990245519,-1.3340254949182044,77.3113310167036
1.0294574815983573,0.33868731792169,-0.1421465369405461,0.8723153800284503,123.48804746183669
0.7999419019420501,-0.30317978283427544,-0.01941960588773261,-1.616310608436588,130.96055427602494
1.0375399442578992,0.3336621052869483,0.47897982574639186,-0.510016398854747,171.9815142455769
0.03361256470371301,0.820344012612456,0.2531652380379812,0.4547409121411344,85.20507437396185
1.5929937335316693,0.31978193414253697,-0.6013676439512137,0.440474737960399,254.09244338406802
1.8005111815108537,0.18384954475369486,-3.0195121558208253,1.2389463529394373,107.38277793517973
1.3254321090950785,-0.3220281544920584,1.6147787907098514,-1.4068150094975382,275.1387205575205
1.4218106667418438,-0.7567950885694608,0.9960476858058164,1.5013336519554867,152.8974027255297
1.4152671919241875,-0.736770135947622,0.5859042011646491,0.21853404241094568,179.2788169922155
1.5284684264125317,0.26859227886325693,0.0570131248970845,0.5078357562896237,211.62073962330004
1.1306153349375263,-0.7582820688875902,0.19502498402812674,0.6227112239002686,154.4916422300784
0.8580141953021454,-2.3161438629688766,-1.1996975283653082,-0.8281962729652346,54.57181439812546
1.7269638512334051,-0.372833152091767,0.7223813578277714,-0.39963618561460235,261.31134261495976
0.31952467078295543,-0.7284616216803428,-0.37185788227866556,1.653617268492285,65.87012766879478
0.5938114080687051,0.07715649621771674,0.4283166923752375,-0.16563141031763223,102.56003474299001
1.9870611116994412,-0.8798143535020543,0.5628808601743548,-0.5309708978119645,238.0750211995432
0.5839281853259639,1.8467073257360336,0.6818914896263114,-0.35929209078705954,194.2679729180253
0.5082686396745896,0.21539650545628794,0.7682072166317373,3.9262377064363267,119.28844878689512
0.1733416643704082,0.05088770185601806,0.16476084123651674,0.24395319790850026,72.9882586634306
1.0240625258114624,1.2083662305931424,2.061503576636398,0.5925269492011831,247.4255584920806
0.3514482075415829,0.7083038472010638,1.188913371474643,1.0701502383164274,146.9064494793967
0.20585943088034037,-0.19646658342809717,-0.5164296438875717,-0.7465783465402389,71.03698006279784
1.4359095238685275,0.03944704824073949,0.4240668615184512,-1.3158158164275071,161.44216727661436
1.2816437950037687,-0.31771509675623405,-0.375196380323937,0.5576910607251245,148.96912656998782
0.6267172245899651,-1.3796181647889305,-0.971656734541286,0.8623934723827588,175.74138710431305
0.924027019206901,-1.251113576385303,0.326133022242118,-0.18490213644298903,118.81564287178772
0.4700421477595015,-0.45209033283308037,0.8823330623234091,0.2658782296520485,51.909889669997256
0.5441140021141926,0.6031874310823431,-0.3286184757489846,-0.1627929060722942,111.96076527150315
1.2931415437586478,0.3614173172731029,-0.7296024698074095,0.5723903111756757,210.0799393942496
1.1808128153088449,0.54711911517521,0.02246589281204638,1.114321694668872,197.73308936555748
0.07959786237603639,0.13429649724779288,1.1701987091966037,0.5540577711159071,122.29362153841927
0.34378788154988543,-0.9571509148950429,-0.9637589262106109,-0.04865235157045115,66.91309565099664
0.22213377163371284,-0.30917212346863937,-0.4344962274323156,-0.4787486216634773,57.27423476398239
0.09338685889994829,-0.33286040438251124,0.31745326125017514,-0.5293321124483709,68.22307188574354
1.1428228145150205,-1.168678037619532,-0.03471176970524331,0.7519330326867741,169.37488288711896
1.6275424378831627,-1.804882100664519,-0.7632591565425169,0.048084946661381994,258.73593324170815
1.6834381922209503,-0.20922187374452778,-0.5621680265783021,-0.8058700664961888,259.119403326624
0.25049285034587654,0.29698467323318606,0.5219415656168976,0.3464482094969757,101.60285108999574
1.2883076174635377,-1.276304416538336,0.5737444210044131,0.2927154821418534,164.49733577534238
0.04889718347410554,0.8451579711843216,-0.2788833941507565,-1.405189846803575,54.32140940227623
0.172946059923423,-0.8848027140269009,-0.4432822511915103,1.7117084801423434,104.07733131220623
1.1967886464263116,1.3305749040390402,-0.7801991291174627,0.8936976893891109,210.0703048159064
0.5112025995249807,-1.830632896856457,-0.6540756831274238,1.3736585451629577,54.26918892672742
0.5258796758952039,1.9532591375265682,-0.7090209576304904,0.17775010626803134,110.98785990294232
1.5007597906343109,-0.4281151609659125,-1.556581898659751,0.8502217421134929,117.70726891657445
1.75547569831549,-0.20447122098612153,0.38632331781156,1.5730197252148563,227.53311833742345
0.47323762457354485,0.714000494092092,-0.2234627853258509,-0.07282891265687277,118.6808385748374
1.2897527540827456,0.38115838488277776,0.7533416211045325,0.6731813512699584,232.99256974569894
1.0602099074988798,0.5054701591666269,0.47635776935621926,2.7596600389110777,157.6512078298872
0.8903831635197862,-0.3570292008066094,-1.5178737466808094,0.5752050161065663,70.8636338273125
0.2595913513636048,1.669021525289393,-0.3357846992901282,-1.5031429531181062,80.33269132242862
0.23893209916969432,0.5467335682013793,0.840620026504553,-0.36682441181468756,91.55185422705169
0.6523228784134196,0.8836599374866724,-0.17262729994081963,-1.5763921569842494,88.18832109570604
1.0114630354083562,0.0036956718478473255,1.9625871905307948,1.341475915530881,211.47954676322638
0.3494393272169559,-1.3327773974796497,1.2495049007061587,-0.7725687487562407,74.02065813669981
0.6459641791245353,1.3748764191481848,-0.18289644110484016,-0.7991920066502536,124.88725391749851
2.0236062192296393,0.18474057889572446,-1.6076610271180587,0.006799844559997769,199.3882510013909
0.5956612940434921,-0.6537663386488198,-0.9057323008626189,1.3744380931708173,178.05302803834812
1.0917008761393143,0.6687416555925126,-0.005596018829046555,-0.387099702474401,159.9393560258422
0.4572804046152411,0.08199555641356042,-0.7341737987784958,1.4558223221467665,58.648543360753564
2.4883273534129895,0.03444101170584135,-0.5098066931908826,-0.6582484123338483,336.9959708689813
0.5150352672086598,-0.9378250399151228,-1.377669367957091,0.5137859509122088,60.54787545114303
0.043602446372453724,0.5514853760404675,0.12320480678448567,1.695051040430753,86.81910925282122
1.9670697035871523,0.14035986984804696,1.2005316584738726,-1.1171864617070024,247.36348578646607
0.6862601903745135,-1.867265192591748,2.3146585666735087,-1.6127158711896517,241.5861068965859
1.2601647651725802,0.23070090571868349,0.020886488295961788,-0.6163614080394775,172.11212939179774
0.4593608995402441,0.24822058630033608,0.18186625505849516,-0.8498443694647918,127.70421060913849
1.091310120594269,1.2360931752104374,-0.7355299425897666,0.609138120907177,152.9408260785709
1.024186824329205,0.6308116845547775,1.513449743242131,1.8540925663341883,53.63544900128997
0.43693816974634986,0.0030460201534144695,0.1605739810498646,1.1906462747863413,83.40211862310301
0.5931012579683838,0.6159356069442637,-1.0810633275998973,-0.3095464393139903,61.65526527521577
1.2693304965466992,0.6927227551168594,0.22526411724754952,1.7025146581296056,143.88510879515957
1.0810565404082624,-1.2767485758203094,0.27157883719537346,1.0531528533329035,186.95770423906714
1.0318445394686349,0.19655477651157463,1.4469778843537329,-1.485560373036972,230.80387875475205
0.23402445435314795,0.5530400858523584,0.7751554940347831,-0.24852861807444937,108.52279729953813
0.025574312191994436,-0.5089636257074988,0.39241596717876703,-1.7690759048891183,73.03208731822042
1.0005823180429783,0.9191541736100015,-1.19363683175648,-0.6706202090766449,69.89182710705165
0.22979963057519381,-2.219300372747535,0.08589300629333041,-0.8514064342603136,51.830227323078766
1.2995812369275976,1.340461051790348,1.673452090298537,0.8297324178791745,97.16194470394632
0.5964411375817527,-0.6327550298850391,-1.542801515209646,-0.6342858476894031,60.16350706468714
0.33231401197959165,1.277676821898509,-1.5341141707356223,-0.7484865365565536,102.96629488651735
0.19548173155329082,0.5697603571986469,0.4914294527201998,-0.09884520123930605,84.1671774000467
0.7076258948220261,0.47004418736820214,0.4322629506341555,-0.7121738641760436,131.67211372396898
1.0727430257398065,0.7479102561175338,-1.9792998103757877,0.23924686411114954,234.49509149204349
0.14098269961206,-0.6141225650083162,0.1455211977682408,1.5886269280435958,54.83846481826717
0.2773584619646759,2.042076040143744,0.10343812930810638,-0.022278979183713316,108.85597285849522
0.010352619843380607,0.5578103063518622,1.3902075490173134,-1.3118362323501596,129.6833640373916
1.4075116947178212,-0.37144086599579146,-0.34268759408034877,-0.7778166875908753,208.6460888317818
0.1493634822711889,-0.8256536828021421,0.44477380783159476,0.36414029605466136,58.174779547600345
0.6231405264247644,-0.5309969550018176,-0.637739984251316,-0.5554771191602547,106.29774164831464
0.47347189903522846,-1.0211624575603002,0.9515497705740428,-0.26764109089879357,115.7840913051669
0.16306696394376388,-0.8818746512277178,-0.026521259249060063,-0.7449026448064491,64.89376060203568
0.19068240076334658,1.9140313538667861,-0.6237689606958051,0.21743287317972287,95.6063838909259
1.158595579007404,0.787084603742452,-0.9746816702273214,-0.8206823183517105,106.70941474823013
0.4822489526806572,0.7426824183597224,0.07595526791608741,-1.2376624223272978,95.19009321652986
0.22530792204094158,-0.17435425790283585,-0.02355215087423812,-0.3695269288333586,58.00531238203429
0.07744346072599365,0.13106518621584873,0.4004813865063287,-1.1952937635992447,63.956888316927326
0.41142660711600243,-0.463161362085399,1.2002617497388293,1.1539007342557472,84.7136859003131
1.2295495944524168,1.9583474542205939,1.100959634998571,0.4966992232365217,70.10808164844028
0.9603047962814704,-0.33638694541113623,-0.26265952031616774,0.46248362406685406,153.9479616433726
0.29219272832637316,-0.6677795564688862,-0.936506374789596,-0.1873290184063747,67.22633556750338
1.1797252083607102,-0.23052462518025083,-0.7179188907476018,0.1941076309533577,87.27459917259904
0.1786947168104756,-0.39352985596972884,-1.1195461283831687,1.2292147842970504,72.47305040587996
0.6578345538521371,1.0305805856240573,0.5107920885275947,0.8545252270666157,132.84044798956
2.2724347204468818,-0.09791524644290406,0.5222506360177785,0.8890371222798921,244.0088871972954
0.5796331732135757,2.589563642018614,1.1873860515647512,0.32579631658216646,179.63341830093634
0.5302576183724408,0.5040465155178444,-0.9857260463355437,-0.7928728322623442,102.73534598149287
0.8484308822052846,0.058022734808395225,-0.04282338131157488,-2.246889333984605,175.23604054411538
1.4789115687741288,0.3918040054025465,-0.5462444482524828,0.18335991977915564,210.60798567756302
0.6414869090443096,0.01914777741575206,0.42588720619303577,0.487872284871074,115.89548598871328
0.9495945713644882,0.5483196275544987,-0.08743532877718108,-0.059415181272494094,86.19747451080832
0.3241663524884421,-0.31026675659345604,0.6819529712949639,-0.13014305436768459,112.94352095529212
0.4810092317367132,0.725766623898692,0.10939479460489289,0.22388402427913137,131.2039670248697
0.13944627568099954,1.2038844371688162,0.6157711497711416,-0.4501892648514116,81.67892976285486
0.30263546523903323,-1.146345393018688,1.633431532301096,-0.7542758500193579,172.96627402662136
0.46654531145012695,1.1013229577357622,0.4441983272906719,1.3462257562027482,112.10917827610217
1.4711703274936085,-1.6135613978767411,-1.3719011429313563,-0.20932367715186612,118.4351703376364
2.038124535177854,-0.4080753730215514,1.2012139221639448,-1.008086310917404,171.324954835984
1.0325462043416573,-1.6624919880356743,1.3043402428781525,1.1267051368275833,201.0538509618922
0.483186462299374,0.647195939702741,0.39922312260527926,1.5739867632900328,53.30614064405777
1.9122549754197768,0.2700573583914221,-1.8206033005485172,-0.06863404608546861,310.26191072882057
0.9162741005637249,0.7211353625455816,0.8814075289235711,1.3554428011054958,124.35231197227404
0.7077519354554754,1.8124485579969287,-0.6269670577877674,-0.5624667758942676,90.37969349962069
0.2525688459966235,1.063940987560856,-1.7760117540484022,1.3845320475939062,129.79485468313237
1.7359638031652493,-0.6891878180895679,2.0752608726252655,0.1979107834626478,288.65850942893246
0.03275327021599839,-0.5468589412403921,-0.5736620068802363,-0.543424771133765,89.17551662245467
0.32782117284308526,0.003375506597160999,-2.6357477390168778,0.9242701395378298,153.744973496535
1.259233239786799,-1.479444223139724,2.303638752104789,1.1464408704007276,295.72993465883155
0.7356219972457467,1.5232386217122582,1.667224111551137,1.78179890877106,208.68191965410026
0.2489641484790735,1.7553408424432044,2.060747924881987,0.9715709509543554,130.86742451857373
0.22228985580085406,0.42544486418417227,0.18517553682991406,1.2788658133133932,97.4766086080773
0.3885786045309641,-2.152890592952483,-1.1033666061738736,2.4929995174327906,88.12332630089361
0.6518361078021592,-1.2110161997624567,-0.06607979864731657,0.047398671316414016,127.78334735637728
0.9873345165891019,0.4663583744463345,-0.23401985910698136,-0.07595102364252276,119.46740249326257
1.252393444413119,-0.01208894784605456,-1.4511756900515589,0.3636318826249679,259.26489124918464
0.22939074406802776,1.1695899924277735,1.0473177066214483,-0.04347694981386243,88.92708963847588
1.179440120721287,1.8314587658543537,-1.3202332070206422,-0.4691756521047048,129.29081912092823
0.08343796979036086,-0.6500239344068982,-1.496529255090079,-1.44964521969853,159.52693688866916
1.7710685530880912,-0.7597031174802871,-0.782003492511037,0.47154238041820573,262.8815840861881
0.08268068584269925,-1.86653661707306,-0.7168223206028049,-0.12174750838328353,136.69138383514826
0.6220699903060487,-1.3122191934314063,1.0817667276728287,1.3289333195354096,128.2733047015487
1.6924646297148194,1.0941915184709485,0.055724912288694604,1.5295503194606137,214.6159673447704
0.8294748419317485,-0.9399031011088647,-0.7691423497872982,-0.19382613877280352,73.51788978937685
0.041325632270618466,1.494938227453236,-1.7312013034449254,0.4430021304473752,123.37040882643518
1.1913034972026486,0.4738329209117875,1.8657745111447566,0.6565536086338297,72.7750104830141
0.27669079933001905,0.3411519748166439,-0.0771017094141042,0.8271832490360238,98.97627380755068
0.5609194479412387,1.598647170504717,-0.25879606266710237,-0.29548031802916036,96.43146051074882
0.6056155397368641,1.0399046873960764,-0.6690727386599166,1.8260097135469362,111.76132481876513
3.2412673400690726,-0.05952535606180008,-0.926930471578083,-1.0243876413342898,422.1857902939062
0.1920491164900316,0.39331783939437187,2.319329539981694,-0.3091164642025014,216.60856826592905
1.235782191822154,0.40429475496169764,0.4367385517335095,-1.0710536796490489,184.83514811809485
0.5767713305683327,-0.9075636620415979,-0.23894804686640975,0.755391225825756,122.70630894443411
0.19236096478112252,2.463242112485286,0.06023020994102644,0.30154734233361247,66.03268376208459
3.0788808084552377,0.3112501545435361,0.5765569630557664,1.1195749114345768,378.06363184212785
0.45909031021899177,0.4559041951707027,-0.6065033882157397,-0.6946003691631446,77.17664015247752
0.5027844268951942,-0.14896930976729691,-1.365824155415439,1.7963608229269636,64.88613305173995
0.7081086766885905,-0.1524698363805439,0.1335409047822823,0.9567023167945841,132.47784215757156
1.3103087461196083,0.7796605322693398,-0.30803428418574125,1.395683810789956,179.55054369219434
0.2010990467149675,-0.05761879703358539,2.403415585238275,1.050654396007612,199.29921068775738
0.9815086510479509,0.010233061019587049,1.1631637521549596,0.46210347426327075,77.68228994388255
1.8861859012105302,0.4040508568145384,-0.16128571166600914,0.17457781283183896,234.66301276764503
0.06267909727317188,-1.0592135218889516,-0.5138669173366935,0.9551423205012383,111.74897604763962
0.9393353938187543,-1.9754665663538713,0.06447441481012024,-0.14408755572161547,156.74791171163488
0.9046143749937661,0.04600274725327412,-0.23811043631205406,1.1727568452674448,175.6962128965989
0.07005216311318138,-0.16882172319001063,-0.1044492185374715,1.1618783026081905,59.40614203036162
0.058208718445999896,0.1537251059455279,-0.883857436201133,-1.142970297830623,96.69730525726159
0.3676492929914216,-1.3993061748019415,0.49986412374037137,-2.100026507651624,84.55942556693586
1.5421099525678756,0.18455130319703697,-0.5642475986573886,2.006092888159123,181.56880812204565
0.22907468820570256,0.0516609768510798,0.9583858198420424,1.0743180127155614,124.28809571480441
0.03823799496002834,-0.2346205699574138,0.8584511166566653,-1.4485914146335441,90.12938236540882
0.3613105619672905,-2.6031370878272986,-0.3021805869826214,-0.06418416128881928,128.32799719517283
0.3674816654743044,2.98525900260341,0.17521141890851205,-0.3135296861723979,90.79061716894526
1.7730324682068814,-0.05139372358848624,1.1260502507721681,1.2619215007139917,169.1389288793606
1.277664895788425,0.117327383308782,-0.020901593964148132,-0.5915713888358299,166.08859720870015
1.5506634310661327,-0.5034756541161992,0.09965136508764122,0.06856297480602733,167.84307643159804
2.1899217049785533,-0.7567639770159263,0.23278674294016363,1.1945922205137307,272.0000633565589
0.3427145165267695,-0.42064532276535904,-1.4153707420504142,-0.8022772692216189,162.1005987039115
0.9751976297824297,0.23836898273478513,-0.9273531341905741,0.5010941699398452,104.37255488486129
0.8987840483231282,0.10435593752321293,1.617212574968624,-1.3303136257389898,51.68247532184047
1.2004139079444254,-0.9716140385106515,-1.3471262895296965,-0.6568942789713957,56.74717129834222
0.21319662823768915,0.6713400764504657,-0.1601327955666404,-0.7519693317388191,52.44868915472821
0.8951932200277323,0.3934853854217496,0.6982233136135899,0.6351718016819695,185.20512756542502
0.6373077470287948,1.2289805024890619,0.5348173363459102,0.45838670355148425,75.5783617057992
1.2565068942792563,1.4436320034688142,-0.493122822399772,0.8132051867479773,210.0964480842091
1.6075598643689741,0.9375701376265584,0.6592456684324051,-0.7627247785662142,184.90568220172332
1.1535903433169254,-2.1056469418403245,0.9778155496862003,1.3863493972628433,157.95826306626589
0.2806364044901364,0.996858773465808,1.4641772387524374,1.7586204841951334,162.4578883244662
0.8721970000729778,1.057368305378225,1.218194711754256,-0.3150867311941086,184.95242007770753
0.5859276733177553,-1.4741321320421057,1.4288577078135674,0.32910677871012955,67.62697278025493
1.4438548161335418,0.6012067489291149,0.0005279588565972928,-2.296180953137238,163.43951688592298
0.8162172445419648,-0.5639474880582432,1.105900424357309,0.07814306296964744,78.34674785841558
0.41360553342164424,-0.8603850107795019,-1.907807557877391,1.8876876573401904,176.87953741394537
0.26739231407190295,-0.29027454418865134,0.9190764829877686,0.3216978061960136,135.3151937379751
0.9899577925520139,-0.18256897437954112,-0.49693202511797824,-0.0350076100062359,189.85347389932687
0.2646568332379561,1.4535340771573169,0.01300189187790702,2.720169166589619,81.5018243821479
0.3871306497895146,0.8595878869798019,-0.5495571359085801,-0.04541121793223822,98.66844255572026
0.14866745720211155,1.490726136849952,-0.213442870930208,-0.33708597111803934,60.045830363397286
1.3598561409799192,0.04643654815614881,0.19109906801990334,0.7462535660272207,189.59879138336868
1.6449677135012837,1.3668742674445247,-1.5151910621985523,-0.24903603955637832,122.72237183867077
0.21566763754763232,0.6464895377257707,0.2314459225255723,-0.8729610904537004,58.20307982428583
0.25866114785538813,-1.1140464501619933,-0.8110008636288448,0.21273977585766032,67.62675327037513
0.5816809139486437,-0.20358036010236177,-0.3791277409874871,-1.0147567306928669,105.75974182576579
0.173180925851182,-1.245738778711988,0.21409374413020396,0.3853173797288368,71.29248065936861
0.8339221545489041,1.0807807255546218,0.5597904479310398,0.4591800792284367,163.37218064710527
1.2391070756539009,1.5490201514951873,0.1018562952619867,-1.46752526575244,149.68533452153937
2.1573082132655035,-0.48791140814570266,0.6779258713392691,-0.6057149230033384,297.4148989147131
0.08658978747289992,-0.6039851867158206,0.37114587337130883,-0.15567723539207948,80.93234629356012
0.6465728842425266,-1.4222537095976742,-0.7563507452843033,-1.081548003614395,195.339107851824
1.0018248536819372,-0.552920837367302,0.6647027453331099,-0.49757083838520716,171.26338027046054
0.06699071722487192,-0.2813275571182134,0.7368438970924334,0.5159392177040995,80.72249119649422
2.123895724309807,-0.5993926454440222,-0.8397218421807761,-0.525755021680761,326.7619800224278
0.8071225966373103,-0.49163618563204736,0.20965941527462578,-0.9735461997044687,127.37611788130555
0.01383774609423725,-1.9196731561976563,0.02538842054241018,-0.6897277740641738,53.710805742837024
0.9457460606967811,-0.4159669279473586,-0.09662367001488972,0.6082461916849685,165.22704770628133
0.3676198402097109,1.0581183250871502,0.6386601686431024,0.1480894197982762,148.9134920087422
0.2965755451407618,-0.47949296739924335,-0.4430440211284823,0.4631847952675847,67.00866654047897
1.2021495260760888,0.20438903160297678,-0.5555467794868666,-0.39568071175626385,191.64672355115763
0.49201884799279927,0.4209729443893898,0.6988284202025348,-0.5260348426675804,107.76053909805748
1.270061088712032,0.19405194360587402,0.3207857259326839,0.2869558543017087,190.03706505251773
0.18676676447707832,-0.7257438131534656,0.517659020469123,-0.7553829323533225,87.2892434601286
0.01843393306539316,-0.18398333635267913,0.17086543812794186,0.34758170536167105,53.39983218556736
0.2891686439078181,0.4924512640081491,0.1664522082130561,2.4553001399108942,108.46822591048286
1.5859833122379583,2.088442772869925,1.0213832954293984,-1.879924385139045,148.72534599628915
1.5327005598899308,0.24300472205439969,0.9500158286696456,-0.1962806513879368,153.45693856191224
0.08836295920533532,-0.10960980392583083,-0.4363858905265686,-0.3700110298821277,80.92902825755286
0.36146276669398575,-1.0147594931858521,2.0860470495371137,0.41644603810145264,90.66541598099695
0.5589218472715883,-1.5231869047837747,1.1950466289248425,0.37721187506452086,67.92522152642604
1.5047203740310022,-0.08310557262869477,-1.4063174636718339,0.7600559636896026,237.2750999384198
0.5387559924463692,0.0760053914124115,0.5583269125217224,-0.9206735930793662,94.35959885197724
0.3111099911431952,0.3631156277445234,-0.6082265074447593,-1.889649292096153,65.34729149817889
1.6394841625254342,-0.22954865536034708,-0.6039806259692295,-0.39247110606087293,302.6814770623527
0.43477006455689116,-1.7476365098282616,1.7120402840178925,0.47543068252662346,184.51376678284817
1.1761733365547806,1.1717179147161596,-0.6701152004542329,0.4875602970867186,177.09473753728878
0.39210815313215763,-0.3276621465977682,-0.7020530938773524,-1.4635149481321186,141.30093376315176
0.4465149520670211,-1.5148472246858646,-0.846793718068405,0.8563987943234723,180.08768468607124
0.7441919714999368,-0.6475418056351592,-0.3583401520212222,-0.181224173218103,82.5914197620351
0.661786464768388,0.18645431476942764,-2.025142586657607,0.852433334796224,194.8045390143615
0.5711789897827968,0.6408428612670098,1.7976865268495226,0.5725827813561586,69.07526212086454
0.005243699718183166,-0.5993750229537729,-1.594427658794367,0.046980593764742055,135.17264386935602
0.1131280525157404,0.12307820165618115,0.6405429350747734,-1.2992163634458243,67.63841489932884
0.966976143129213,0.42545756178496474,0.7858001586508322,-0.047711356141979855,89.84952255538337
1.5541604207147741,0.34233783448962146,-0.33513778117145177,0.8539759765522237,181.92301445312197
0.684629825760004,1.0075136898369221,-1.8665399513606162,0.7906255991627686,196.94848168145685
1.2608839543350452,0.40498171096095553,1.7654542402810969,0.9178619470547761,68.25576917634547
0.42930222451725997,-0.03703679704841202,-0.6117690909052854,-0.692420979873856,106.79473372225647
0.19042388992505774,-0.38852077518300926,-1.8697416996954206,0.44921872128503426,129.48559068781657
0.46603650186824225,-0.14760258629866868,0.32316771418478146,-1.5947030672667954,70.68007293411745
0.9680457585102453,0.37976763604089603,1.2376537575119981,-0.31030770538490365,73.5595297892762
0.15178509503558332,-1.9520877995225019,2.1330333746562666,0.5883172064845765,117.10644458205881
0.7728776678236091,0.9475264621228578,1.1241127199860135,0.4070522871245351,52.60262052801345
0.7424705856980482,0.1946074552372427,-0.622649361734452,-1.3200225112207058,184.91309012433356
0.5551995266931984,-0.0657502610729878,1.5655240292343404,1.8811570694405901,92.84318192644437
0.6928557558178116,0.3958197810959231,-0.17909328501615626,0.73463754545933,83.06062607680123
0.9843223984765838,-0.998354040738791,1.5505004928140769,-0.21398884422550896,179.54630255569407
0.08923415422144892,-0.4114931445621802,0.07268052432934134,-0.03757064497948127,73.33219062073775
2.5733598032498604,-1.1065259087416703,-0.26888869055483056,0.05921843401448826,268.0041739333512
0.5487249077409615,-1.881849045497639,-0.12853751143893075,0.09284490114111471,112.91285030021069
0.12267031599479553,-0.9533286082587124,-0.4827435221820324,1.6246784584695606,68.75471778197249
1.0263692076658921,-0.24268127681203333,0.7060789138151315,1.23000057271915,105.85455332058086
0.7043436905427592,1.0490092258368893,-0.5227230205190395,-1.4084612963635597,96.20108396703998
0.5531491563792091,-2.0820987031889873,0.242882013150275,-0.5482002981667726,99.47221019567067
1.191707497107065,-0.15024298879825998,0.0731969910016945,-0.08371795984921201,188.18908805832106
0.8128621188389601,0.30729952087660933,0.8995998754332507,0.6296288419236122,169.50359694758149
0.03471374875256186,0.5136144642310962,-0.8927875154918841,-1.9685042134380537,61.55286359190781
0.3152692446403456,0.651391251305798,0.9540017634932023,0.7589692204932674,50.97071538084932
0.0952955323869521,1.5774532797634744,0.24938368371075526,0.27902152577033923,64.60397016062338
1.072139011985607,0.08614388304637476,-0.8275902206487197,-2.9213504834946074,194.78798451620577
0.5866938014752747,-0.25890497370407733,0.28328787154614216,-0.47490365662252443,109.25647182831682
0.4830610516834395,0.8950383140761154,-1.5811907020321334,0.14679301198554937,158.36087384369716
1.77623523289832,0.14338846734225108,-0.36927713924620315,0.40865281148067084,239.21768442153657
0.7324921027798023,1.2723535001067678,0.26402008133367,0.28872366282502326,131.686546886999
1.6891830379672617,-0.7746149700185819,1.9234457948249533,-0.47126374070251964,134.29553928964955
0.39767969361460404,-0.12372894627483615,-0.3828171896129687,-1.1840305582225594,87.8212937140568
0.524567013767051,0.3076126681891964,-0.14037505890533644,1.3522026788671444,127.95462056907832
0.2176812032272203,-0.20219265243389406,0.5470973811700379,1.09877685198719,83.06763497967444
0.6626237589458467,0.543360192379935,-1.6694052811213718,0.5705986685931593,196.40234807397846
0.28438464960650933,1.6284685547723217,-0.9647054257507148,1.5905820726178503,113.66490541951292
0.9163209190734197,1.4526167454861794,1.0651719657143865,-0.8369207037962799,58.84099170958315
1.8437935834807457,0.1755362295785979,0.30170000890173554,-0.8903178480198718,197.15437287054382
0.7408243454201259,-1.0021874557814727,0.04091917539572113,-0.5132135664715852,145.93848257463438
0.9154021177020741,-0.5017570435845365,-0.8084936028931876,0.32875110965968446,73.07770561099214
0.19584525509768155,-0.7783047254023127,-0.5397596803093615,-0.978372777615032,69.90439583980304
0.018708756445897416,0.19473619471877485,0.655900776529761,-0.38851845308888583,77.90737973980185
0.6385924587773739,-0.9043166251044086,0.25972250172148187,-1.6615200622689599,120.05548307535553
1.4205042479898549,1.1890165311075518,-0.6373871273065177,-0.5707462937494763,212.98867897464916
0.9503075919735757,-1.067802921579193,-1.053682419146354,1.7106133725819253,72.35413405432485
0.1973384203073261,0.08958068125524882,0.5556044660034485,-0.1512732836535117,80.59143543985704
1.3902219251534627,0.996118214911129,0.13988723283912738,0.15776143929376948,172.9364559360472
0.19793772898468187,-1.1738799644089726,-0.581782033392054,2.067906338163552,99.67263364325188
0.7903718960517113,-0.2797601684958344,-0.2789629303318085,0.34005129456889044,104.80000837199725
0.7353034606819523,-0.5244481362626519,-1.6566232076777738,0.7214793237573432,219.84103875012738
0.08182935854756501,0.8384907744516419,-0.006070911539893324,-0.09888965319114267,70.51610296387115
2.553921134901955,-1.4848979684499035,0.9495541354413237,0.9343199112392737,286.97831058494546
0.11622904312195817,0.2522403964266774,0.09175248444837286,0.21471318317052634,67.72051366970413
1.1818741254208012,-0.0003136726117747121,1.7611881248673737,0.44947391283230687,88.80777139027428
0.9983108981479604,1.5213160519224513,1.2171585208254965,-0.4316203127180484,217.5644091937266
0.37710039390218647,-0.36961033604363397,0.6215718898560508,-0.029262813684978354,118.24526445759207
0.5501152829365389,-0.8320613048498566,1.991553302204734,-0.14702542343084998,91.36564507077473
0.35250496835687956,-0.25885440036983165,1.223083067095325,-0.5703513664136806,124.860477488563
1.1356201471829441,-0.23655528721894603,0.9321915642603847,-1.1062935124116342,244.18218236577775
0.03408346825922607,-1.2239402667622565,-0.6492775450660071,-0.7699732310586418,73.4251939585769
0.9163276747024814,-1.9982006845321076,0.07863519031609059,0.3464884758979927,131.1023319132995
1.1701130260593595,-0.22476540189268354,-1.366878698415421,-1.8019804375800197,234.16450717365186
0.413465161123276,-1.3260476860820383,-0.35976864578908574,0.26028050658288615,100.45252853795517
0.8250982646676347,0.15519068385897913,-0.32789471651291785,-0.8671302157109003,155.11572754436364
0.07201012158033385,1.356240028570823,0.812525822394198,1.0035328978920242,92.76692015785122
0.2949496782920278,0.8949243769444413,-0.7184072655691974,1.2477420726737338,103.77076017464162
0.22648409884983192,0.5820977034686158,1.221033695525353,-0.9594392367234797,98.58644740799218
1.2504077339697175,-0.0007085945766459172,-0.31305803052315434,0.6045153263553668,191.67287230997206
0.4461834332147797,-0.6526239793023909,0.8406435489887241,-1.889540730945531,54.21460670373944
